标题,摘要,发布时间,链接
牧原股份港股发行获超额认购 成为国内生猪养殖业首家“A+H”企业,【牧原股份港股发行获超额认购 成为国内生猪养殖业首家“A+H”企业】2月6日，牧原股份（02714.HK）在港交所上市，正式迈入“A+H”双资本平台发展阶段。若超额配售权悉数行使，牧原股份本次发行净额最高可达120.38亿港元，这不仅是2026年以来全球规模最大的农牧企业IPO，更跻身港股农业板块近年最大规模IPO之列，彰显了全球资本市场对中国生猪养殖龙头企业的高度认可。,2026-02-06 11:14:02,https://finance.eastmoney.com/a/202602063643922954.html
上海经信委组织开展2026年安全应急装备应用推广典型案例推荐工作 重点鼓励人工智能、5G等创新应用,【上海经信委组织开展2026年安全应急装备应用推广典型案例推荐工作 重点鼓励人工智能、5G等创新应用】上海市经济信息化委发布《关于组织开展2026年安全应急装备应用推广典型案例推荐工作的通知》。其中提出，本次案例推荐覆盖三大核心场景，聚焦七大装备类型，重点鼓励人工智能、5G等新一代信息技术赋能的创新应用。,2026-02-06 11:11:13,https://finance.eastmoney.com/a/202602063643921522.html
花旗：Arm仍具强劲成长动能与成长股特质 目标价下调至190美元,【花旗：Arm仍具强劲成长动能与成长股特质 目标价下调至190美元】花旗发表报告指，软银旗下英国芯片设计商Arm去年12月底止2026财年第三季营收与盈利略胜预期。基于云端AI整体潜在市场(TAM)规模增长及CSS技术普及，该行将Arm 2026和2027财年营收预测各上调1%，预期营收将实现23%和21%的强劲增长；目标价由200美元降至190美元，评级“买入”。,2026-02-06 11:09:20,https://finance.eastmoney.com/a/202602063643920335.html
江汽集团与布雷博签署战略合作协议,【江汽集团与布雷博签署战略合作协议】据江汽集团消息，江汽集团（JAC）与制动解决方案提供者布雷博（Brembo）2月5日签署战略合作协议，旨在加强长期合作，共同推动未来汽车平台的创新发展。,2026-02-06 11:07:16,https://finance.eastmoney.com/a/202602063643917922.html
伊朗突发！美国国务院：尽快离开！石油、黄金集体反攻！,【伊朗突发！美国国务院：尽快离开！石油、黄金集体反攻！】伊朗局势似乎并未好转！据央视新闻报道，美东时间2月5日，美国国务院通过“虚拟驻伊朗德黑兰使馆”发布安全警告称，伊朗全国范围内持续加强安全管控，局势依然紧张。美方敦促美国公民尽快自行离开伊朗，并制定不依赖美国政府协助的离境计划。如暂时无法离境，应就地避险，储备必要物资，避免示威活动并保持低调。,2026-02-06 11:04:24,https://finance.eastmoney.com/a/202602063643917042.html
PCB概念持续拉升 深南电路涨停,PCB概念持续拉升，深南电路涨停，中富电路涨超10%，胜宏科技、鹏鼎控股、富佳股份、生益电子跟涨。,2026-02-06 11:04:23,https://finance.eastmoney.com/a/202602063643915549.html
棒杰股份涨停 光伏业务子公司重整申请获受理,【棒杰股份涨停 光伏业务子公司重整申请获受理】2月6日，棒杰股份涨停，报6.90元/股，涨幅10.05%。棒杰股份2月3日公告，扬州经开区法院已裁定受理兴业银行对公司子公司扬州棒杰的重整申请。棒杰股份表示，扬州棒杰为公司核心子公司及光伏业务重要经营平台，若重整得以成功实施，将有利于改善公司的资产负债结构，推动公司健康发展。,2026-02-06 11:00:33,https://finance.eastmoney.com/a/202602063643912175.html
无惧“抛售潮”？传奇投资人：软件业每10-15年颠覆一次 科技股再次腾飞在即！,【无惧“抛售潮”？传奇投资人：软件业每10-15年颠覆一次 科技股再次腾飞在即！】在围绕人工智能（AI）的焦虑情绪推动下，全球软件股近期经历了历史性的抛售，并进一步蔓延至更广泛的科技股。虽然在ChatGPT掀起AI热潮的三年中，AI驱动的抛售潮已屡见不鲜，但许多专家仍担心，一场极其惨烈的清算很快到来。,2026-02-06 10:59:30,https://finance.eastmoney.com/a/202602063643911570.html
董事长陈邦为一疑似“骗保”精神病院实控人？爱尔眼科方面回应,【董事长陈邦为一疑似“骗保”精神病院实控人？爱尔眼科方面回应】日前《新京报》曝光湖北襄阳、宜昌多家精神病院骗保事件后，有媒体将被点名的襄阳恒泰康医院与爱尔眼科及其实际控制人陈邦关联。对此情况，爱尔眼科方面回应21记者表示，“襄阳恒泰康医院有限公司并非爱尔眼科体系内企业。该公司为爱尔医疗投资集团有限公司与其他社会资本方合资设立的四级子公司，与爱尔眼科无任何股权关联和业务关系。作为投资人之一，陈邦并不直接参与恒泰康的经营管理。”,2026-02-06 10:56:09,https://finance.eastmoney.com/a/202602063643909035.html
千问：免单送奶茶活动太火爆 正在紧急加资源保障顺畅,【千问：免单送奶茶活动太火爆 正在紧急加资源保障顺畅】2月6日，千问在社交平台发布动态称，免单送奶茶活动太火爆，正在紧急加资源，全力保障顺畅。此前，据第一财经报道，千问上线奶茶免单活动后，部分用户打开活动页面，发现“千问请客”页面无法点击，页面信息显示“系统开小差了，稍后再试吧”。,2026-02-06 10:54:52,https://finance.eastmoney.com/a/202602063643908836.html
凯龙高科三连板 拟收购金旺达完善机器人产业链布局,【凯龙高科三连板 拟收购金旺达完善机器人产业链布局】2月6日，凯龙高科涨停，报34.30元/股，涨幅20.01%，收获三连板。凯龙高科2月4日公告，拟通过发行股份及支付现金方式向许照旺、安义拓荒者购买金旺达70%股权，并向公司实控人臧志成先生发行股份募集配套资金。本次交易前，凯龙高科未持有金旺达股权；交易完成后，金旺达将成为凯龙高科的控股子公司。,2026-02-06 10:54:02,https://finance.eastmoney.com/a/202602063643908415.html
美军称在太平洋东部袭击一艘“贩毒船”打死2人,【美军称在太平洋东部袭击一艘“贩毒船”打死2人】美军南方司令部5日宣称，当日在太平洋东部对一艘“贩毒船”实施打击，打死船上2人。,2026-02-06 10:50:42,https://finance.eastmoney.com/a/202602063643906693.html
SpaceX酝酿打造星链手机？马斯克回应：当前并未研发！,【SpaceX酝酿打造星链手机？马斯克回应：当前并未研发！】周四有消息称，全球首富马斯克旗下SpaceX正考虑开发一款能够直接连接星链（Starlink）的移动设备。对于相关报道，马斯克本人随后进行了澄清。马斯克表示，SpaceX并没有在开发基于星链的手机。,2026-02-06 10:49:57,https://finance.eastmoney.com/a/202602063643907240.html
浙江世宝成立汽车安全系统公司,【浙江世宝成立汽车安全系统公司】企查查APP显示，近日，安庆世特瑞汽车安全系统有限公司成立，法定代表人为来忠，注册资本为1000万元，经营范围包含：汽车零部件及配件制造。企查查股权穿透显示，该公司由浙江世宝旗下芜湖世特瑞转向系统有限公司全资持股。,2026-02-06 10:48:02,https://finance.eastmoney.com/a/202602063643905727.html
港股茶饮股多数上涨 古茗涨超5%创上市来新高,港股茶饮股多数上涨，古茗涨超5%创上市来新高，沪上阿姨、蜜雪集团跟随上涨。消息面上，今日，阿里千问“春节请客计划”正式上线。根据千问App官方发文，首轮免单活动送奶茶。,2026-02-06 10:47:19,https://finance.eastmoney.com/a/202602063643905473.html
领涨！受染料+化肥等催化影响化工ETF涨3%，盘中净申购超2亿份,【领涨！受染料+化肥等催化影响化工ETF涨3%，盘中净申购超2亿份】截至02月06日10:47，化工ETF（159870.SZ）上涨3%，其关联指数细分化工（000813.CSI）上涨3.06%；主要成分股中，万华化学上涨4.41%，浙江龙盛上涨7.67%，天赐材料上涨5.87%，荣盛石化上涨4.64%，巨化股份上涨3.55%。,2026-02-06 10:47:03,https://finance.eastmoney.com/a/202602063643909564.html
优刻得全浸没液冷机柜上架乌兰察布 GPU算力密度提升50%,【优刻得全浸没液冷机柜上架乌兰察布 GPU算力密度提升50%】2月6日记者获悉，优刻得液冷机柜在乌兰察布智算中心正式上架，进入规模化商用阶段。该方案通过精密结构设计，将整机高度从传统6U压缩至4U，支持8张高性能GPU卡，算力密度提升50%。此外，全浸没式液冷技术可使GPU工作温度降低15°C，整体功耗下降15%，运行噪音低于35dB，适用于AI训练、AI 推理、超算等持续高负载场景。,2026-02-06 10:45:22,https://finance.eastmoney.com/a/202602063643904253.html
AI芯片厂商 集体被存储“卡住咽喉”,【AI芯片厂商 集体被存储“卡住咽喉”】存储芯片持续涨价态势正在对AI芯片市场带来普遍影响。近日多家AI芯片大厂陆续发布财报，其中存储芯片涨价成为其中备受关注的话题，这尤其表现在与手机有高度关联的高通和联发科。不仅如此，AMD和Arm也频繁被问及存储涨价对后续业绩的影响。,2026-02-06 10:43:01,https://finance.eastmoney.com/a/202602063643903590.html
名雕股份盘中上演“地天板”,名雕股份盘中上演“地天板”，成交近7亿元，走出6天5板，该股昨日盘中走出“天地板”，今早以跌停开盘。,2026-02-06 10:41:44,https://finance.eastmoney.com/a/202602063643902019.html
中国空间技术研究院研制的陆地探测四号01星、海洋盐度探测卫星转入业务化运行,【中国空间技术研究院研制的陆地探测四号01星、海洋盐度探测卫星转入业务化运行】日前，中国空间技术研究院研制的陆地探测四号01星、海洋盐度探测卫星顺利通过应用系统、地面系统、测控系统、卫星系统联合在轨测试，转入业务化运行阶段。陆地探测四号01星、海洋盐度探测卫星的成功交付，展现了微波遥感领域卫星技术进步，将进一步完善我国海洋、减灾等领域观测体系。,2026-02-06 10:41:12,https://finance.eastmoney.com/a/202602063643901372.html
伊朗军方：我们能够轻易进入美军基地,【伊朗军方：我们能够轻易进入美军基地】当地时间5日，伊朗陆军发言人穆罕默德·阿克拉米尼亚警告说，中东地区的美国军事基地极易受到攻击。阿克拉米尼亚表示，伊朗已做好充分准备应对任何局面。“我们能够轻易进入美军基地，这增加了它们的脆弱性。”,2026-02-06 10:40:22,https://finance.eastmoney.com/a/202602063643900948.html
贵金属概念局部回暖 湖南黄金10天7板,贵金属概念局部回暖，湖南黄金走出10天7板，潮宏基触及涨停，萃华珠宝、晓程科技、中国黄金、四川黄金、华钰矿业跟涨。,2026-02-06 10:37:47,https://finance.eastmoney.com/a/202602063643899265.html
A股三大指数探底回升全线翻红,A股三大指数探底回升全线翻红，创业板指一度跌近2%。中药、化工板块领涨，全市场超3900只个股上涨。,2026-02-06 10:35:15,https://finance.eastmoney.com/a/202602063643895537.html
油气股快速回暖 通源石油涨超10%,油气股快速回暖，通源石油涨超10%，山东墨龙、泰山石油、准油股份、洲际油气、惠博普、中曼石油跟涨。,2026-02-06 10:33:59,https://finance.eastmoney.com/a/202602063643893577.html
沪深两市成交额突破1万亿 较上一日此时缩量超800亿,沪深两市成交额突破1万亿，较上一日此时缩量超800亿。,2026-02-06 10:32:22,https://finance.eastmoney.com/a/202602063643891612.html
国投白银LOF复牌连续第五日跌停,【国投白银LOF复牌连续第五日跌停】国投白银LOF复牌再度跌停，现报3.099元，溢价率回落至28.73%。截至目前，国投白银LOF已连续第五日跌停。,2026-02-06 10:31:10,https://finance.eastmoney.com/a/202602063643889370.html
总台春晚首次设立独家卡牌合作伙伴 卡游马年典藏卡牌将融入节目,【总台春晚首次设立独家卡牌合作伙伴 卡游马年典藏卡牌将融入节目】近日，中央广播电视总台与卡游正式达成合作，宣布卡游成为总台《2026年春节联欢晚会》独家卡牌合作伙伴。,2026-02-06 10:28:48,https://finance.eastmoney.com/a/202602063643888033.html
A股三大指数震荡回升 深成指、沪指翻红 沪深京三市上涨个股近3700只,A股三大指数震荡回升，深成指、沪指翻红，创业板指跌幅收窄。中药、化工、电网、量子科技等方向涨幅居前，沪深京三市上涨个股近3700只。,2026-02-06 10:27:22,https://finance.eastmoney.com/a/202602063643886379.html
电池产业链快速拉升 天际股份冲击涨停,电池产业链快速拉升，天际股份冲击涨停，国城矿业、大中矿业、多氟多、海科新源、清水源、石大胜华、德方纳米、天赐材料跟涨。,2026-02-06 10:25:29,https://finance.eastmoney.com/a/202602063643883912.html
标的指数逆市飘红涨超3%，化工ETF天弘盘中获1500万份净申购，机构：1月化工品价格明显回暖,【标的指数逆市飘红涨超3%，化工ETF天弘盘中获1500万份净申购，机构：1月化工品价格明显回暖】2月6日，A股三大指数集体下跌，中证细分化工产业主题指数截至发稿上涨3.02%，该指数成分股中，浙江龙盛上涨超6%，华峰化学、荣盛石化等多股涨超4%。,2026-02-06 10:24:14,https://finance.eastmoney.com/a/202602063643888529.html
机器人概念股短线拉升 五洲新春触及涨停,机器人概念股短线拉升，五洲新春触及涨停，天奇股份涨超8%，飞荣达、方正电机、万向钱潮跟涨。,2026-02-06 10:24:09,https://finance.eastmoney.com/a/202602063643881465.html
腾讯入局桌面Agent市场 产品WorkBuddy启动内测,【腾讯入局桌面Agent市场 产品WorkBuddy启动内测】2月6日，腾讯云桌面Agent工具“WorkBuddy”启动内测，产品定位为全场景职场AI智能体桌面工作台，这也标志着腾讯正式加入桌面Agent工具市场竞争。据了解，WorkBuddy由腾讯云CodeBuddy团队开发，此前已在腾讯内部推出并启动内测，目前已经有超过2000名不同岗位员工参与使用，在数据处理与分析、构建本地知识库、内容文案创作、海报生成、自动化办公等场景获得广泛应用。,2026-02-06 10:22:32,https://finance.eastmoney.com/a/202602063643879619.html
现货白银日内涨幅扩大至1%,现货白银日内涨幅扩大至1%，现报71.66美元/盎司。,2026-02-06 10:21:14,https://finance.eastmoney.com/a/202602063643877167.html
化工板块持续走高 沧州大化等多股涨停,化工板块盘中持续走高，沧州大化、金牛化工、百川股份涨停，江天化学、双乐股份涨超10%，云图控股、荣盛石化、鲁西化工、万华化学等跟涨。,2026-02-06 10:19:43,https://finance.eastmoney.com/a/202602063643875872.html
海南全省首批开设5家日用消费品免税店 2月11日开业,【海南全省首批开设5家日用消费品免税店 2月11日开业】今天（6日），海南省新闻办公室举行新闻发布会，介绍海南自由贸易港岛内居民消费的进境商品“零关税”政策情况，并答记者问。发布会上介绍，海南全省首批在海口、三亚、儋州三个地级市共开设5家日用消费品免税店，各店定于2月11日南方小年开业。,2026-02-06 10:18:35,https://finance.eastmoney.com/a/202602063643873522.html
生数科技完成超6亿元A+轮融资 创国内视频生成领域最大单笔融资,【生数科技完成超6亿元A+轮融资 创国内视频生成领域最大单笔融资】2月5日，北京多模态生成技术创新企业生数科技宣布完成超6亿元A+轮融资，此轮融资由中关村科学城公司、星连资本领投，万兴科技、视觉中国等上市公司战略投资，原有股东启明创投、北京市人工智能产业投资基金等投资人持续跟投，资金将投向其多模态大模型技术迭代与产业落地。6亿元的融资额，超越了此前由爱诗科技保持的国内视频生成领域的单笔融资额纪录，成为国内视频生成领域最大单笔融资。,2026-02-06 10:17:05,https://finance.eastmoney.com/a/202602063643868169.html
伊朗军方称中东地区美军基地极易受到攻击,【伊朗军方称中东地区美军基地极易受到攻击】据伊朗迈赫尔通讯社5日报道，伊朗陆军发言人穆罕默德·阿克拉米尼亚警告说，中东地区的美国军事基地极易受到攻击。,2026-02-06 10:16:08,https://finance.eastmoney.com/a/202602063643866768.html
韩国综合指数跌幅收窄至2%以内,【韩国综合指数跌幅收窄至2%以内】韩国综合指数回升，跌幅收窄至2%以内，此前一度跌超5%。,2026-02-06 10:14:39,https://finance.eastmoney.com/a/202602063643864165.html
小金属板块回暖 翔鹭钨业涨停,小金属板块回暖，翔鹭钨业涨停，章源钨业、中钨高新、东方钽业、厦门钨业、金钼股份跟涨。,2026-02-06 10:13:20,https://finance.eastmoney.com/a/202602063643863555.html
现货黄金转涨,现货黄金转涨，现涨0.28%，报4790.01美元/盎司，此前一度跌超2.5%。,2026-02-06 10:12:50,https://finance.eastmoney.com/a/202602063643862637.html
创新药概念盘中震荡反弹 广生堂涨超10%,创新药概念盘中震荡反弹，广生堂涨超10%，诺诚健华、舒泰神、科伦药业、三生国健、美迪西、诺思兰德冲高。,2026-02-06 10:11:31,https://finance.eastmoney.com/a/202602063643861561.html
日经225指数转涨,日经225指数转涨，现报53864.82点，此前一度跌超1.6%。,2026-02-06 10:10:46,https://finance.eastmoney.com/a/202602063643859541.html
消费“六注意” 欢乐过大年 中消协发布春节消费提示,【消费“六注意” 欢乐过大年 中消协发布春节消费提示】新春佳节将至，消费市场繁荣活跃。为引导广大消费者树立科学、理性、节约、绿色的消费理念，营造安全、放心、和谐的节日消费环境，中国消费者协会结合近期市场特点与消费者关注话题，发布消费提示。,2026-02-06 10:09:48,https://finance.eastmoney.com/a/202602063643859113.html
美政府发布安全警告 敦促美国公民尽快离开伊朗,【美政府发布安全警告 敦促美国公民尽快离开伊朗】美国东部时间2月5日，美国国务院再次发布安全警告称，伊朗局势依然紧张，敦促美国公民尽快自行离开伊朗，并制定不依赖美国政府协助的离境计划。如暂时无法离境，应就地避险，储备必要物资。,2026-02-06 10:08:27,https://finance.eastmoney.com/a/202602063643857824.html
薅不了一点鹅毛 阿里千问30亿红包免单奶茶链接被微信封了,【薅不了一点鹅毛 阿里千问30亿红包免单奶茶链接被微信封了】阿里千问30亿AI“黑魔法”正式开启。记者关注到，2月6日一早已有大批用户在微信上传播邀好友口令。不过，截至目前，千问红包分享链接已被微信封禁。有网友称，“果然薅不了一点鹅毛”。,2026-02-06 10:06:20,https://finance.eastmoney.com/a/202602063643855440.html
马斯克据悉在SpaceX-xAI交易中采用“三角并购”架构,【马斯克据悉在SpaceX-xAI交易中采用“三角并购”架构】2月6日消息，据报道，马斯克在SpaceX收购xAI时采用了常见的两步并购流程，该流程具有双重优势：既避免了偿还数十亿美元债务，又为股东提供了税收优惠。此举还使SpaceX免于承担xAI的任何法律责任。马斯克并未选择将两家公司合并为一体并全面整合运营，而是决定保留xAI作为SpaceX的全资子公司——该子公司运营着社交媒体平台X并开发了Grok聊天机器人。,2026-02-06 10:04:56,https://finance.eastmoney.com/a/202602063643853896.html
分散染料概念盘中逆势拉升 闰土股份涨停,分散染料概念盘中逆势拉升，闰土股份涨停，锦鸡股份、浙江龙盛、百合花、建新股份、醋化股份跟涨。,2026-02-06 10:02:33,https://finance.eastmoney.com/a/202602063643850268.html
电网设备概念表现活跃 三变科技涨停,电网设备概念表现活跃，三变科技涨停，双杰电气、保变电气、安靠智电、汇金通、新特电气、望变电气、中国西电跟涨。,2026-02-06 10:00:00,https://finance.eastmoney.com/a/202602063643845853.html
技术迭代引发AI应用股调整 赤子城科技跌超4%,【技术迭代引发AI应用股调整 赤子城科技跌超4%】受海外科技股抛售情绪传导影响，港股AI概念股多数走弱。截至发稿，五一视界(06651.HK)跌5.56%、赤子城科技(09911.HK)跌4.73%、浪潮数字企业(00596.HK)跌4.62%、美图公司(01357.HK)跌3.88%、出门问问(02438.HK)跌3.17%。,2026-02-06 09:59:55,https://finance.eastmoney.com/a/202602063643847395.html
我国量子科技研究取得新突破 量子网络走向现实可能,【我国量子科技研究取得新突破 量子网络走向现实可能】中国科学技术大学潘建伟及其同事在可扩展量子网络研究方面取得重大突破；上述突破是我国在量子通信与量子网络领域继“墨子号”量子卫星之后取得的又一里程碑式成果；标志着基于量子纠缠的光纤量子网络正在从理论构想走向现实可能，进一步扩大了我国在该领域的国际领先优势。,2026-02-06 09:57:49,https://finance.eastmoney.com/a/202602063643840715.html
国寿投资公司在管规模6272亿元,【国寿投资公司在管规模6272亿元】2月5日，中国人寿集团旗下国寿投资公司在京召开2026年工作会议。会议披露的“十四五”成绩单显示，国寿投资公司累计签约规模超1万亿元，累计划款规模9214亿元，在管规模6272亿元，居另类保险投资行业首位，服务实体经济在管规模5979亿元。,2026-02-06 09:56:09,https://finance.eastmoney.com/a/202602063643837391.html
i茅台又崩了,【i茅台又崩了】在2月5日出现抢购页面无法访问后，2月6日9:00开始，部分网友反馈茅台抢购页面再次崩溃。,2026-02-06 09:54:27,https://finance.eastmoney.com/a/202602063643832174.html
美伊谈判在即 白宫称特朗普有“诸多选项”,【美伊谈判在即 白宫称特朗普有“诸多选项”】美国白宫发言人莱维特5日就即将进行的美伊谈判表态，称美国除了外交手段外，“还拥有诸多选项可供考虑”。,2026-02-06 09:53:24,https://finance.eastmoney.com/a/202602063643825858.html
日本央行委员增田弘一：为避免工资物价循环出现过度上涨 需谨慎调整政策,【日本央行委员增田弘一：为避免工资物价循环出现过度上涨 需谨慎调整政策】据报道，日本央行委员增田弘一表示，为避免工资物价循环出现过度上涨，需谨慎调整政策。,2026-02-06 09:50:54,https://finance.eastmoney.com/a/202602063643811577.html
港股中医药概念逆市活跃 中国中药一度涨超7%,中医药概念逆市活跃，截至发稿，中国中药(00570.HK)涨5.8%，报2.19港元；位元堂(00897.HK)涨4.35%，报0.36港元；同仁堂国药(03613.HK)涨2.38%，报9.03港元；同仁堂科技(01666.HK)涨1.83%，报4.44港元。,2026-02-06 09:48:13,https://finance.eastmoney.com/a/202602063643802080.html
商业航天概念局部回暖 巨力索具13天7板,商业航天概念局部回暖，巨力索具走出13天7板，中环海陆涨超10%，天马新材、信维通信、神剑股份、金风科技跟涨。,2026-02-06 09:45:59,https://finance.eastmoney.com/a/202602063643787034.html
刚刚，深圳上市公司达600家！,【刚刚，深圳上市公司达600家！】2月6日上午，随着卓正医疗，大族数控在港股敲钟上市，宣告深圳迎来了里程碑时刻：全市上市公司总量突破600家大关，其中，境内上市公司426家，境外上市公司174家。,2026-02-06 09:45:43,https://finance.eastmoney.com/a/202602063643792810.html
叮咚买菜为何盈利期“卖身”美团？创始人内部信曝光！即时零售巨头争夺战打响,【叮咚买菜为何盈利期“卖身”美团？创始人内部信曝光！即时零售巨头争夺战打响】叮咚买菜为何选择在盈利期“卖身”美团？叮咚买菜创始人梁昌霖同日发布的内部信表示，双方合并之后，叮咚的三大核心竞争力：极致的商品力、超预期的服务力、和通过供应链系统打造的极致效率，不会因为合并而消失，反而会在更大的平台上发挥更大的价值。,2026-02-06 09:45:24,https://finance.eastmoney.com/a/202602063643790376.html
光通信概念震荡回升 杭电股份6天5板,光通信概念震荡回升，杭电股份走出6天5板，长飞光纤涨超7%，续创历史新高，长江通信、致尚科技、通光线缆、亨通光电跟涨。,2026-02-06 09:42:18,https://finance.eastmoney.com/a/202602063643762661.html
天合光能：公司未与SpaceX开展任何合作 未有涉及“太空光伏”的相关订单收入,【天合光能：公司未与SpaceX开展任何合作 未有涉及“太空光伏”的相关订单收入】2月5日，天合光能公告，经核实，公司于2010年至2018年期间累计向北美区域客户TeslaMotors及其前身SolarCity供应了规模为775MW的组件，自此之后公司未再与其开展业务合作。截至目前，公司未与SpaceX开展任何合作，亦未签署任何框架性协议或正式协议，未有在手订单。公司目前的光伏组件产品主要应用于地面光伏领域，主营产品应用场景未发生重大变化。,2026-02-06 09:41:17,https://finance.eastmoney.com/a/202602063643752635.html
日本央行审议委员增一行：若经济和物价前景如预期实现 日本央行有望继续加息,日本央行审议委员增一行称，若经济和物价前景如预期实现，日本央行有望继续加息；基础通胀仍低于2%，但已相当接近该水平。,2026-02-06 09:41:10,https://finance.eastmoney.com/a/202602063643754270.html
古巴国家主席：将推进能源转型应对美国石油封锁,【古巴国家主席：将推进能源转型应对美国石油封锁】古巴国家主席迪亚斯-卡内尔5日在一场记者会上说，古巴将采取一系列措施，推动国家能源结构转型，提升可再生能源在电力生产中的比重，应对美国对古巴的新一轮石油封锁。,2026-02-06 09:40:25,https://finance.eastmoney.com/a/202602063643747544.html
抖音在哈尔滨成立巨量引擎信息技术公司,【抖音在哈尔滨成立巨量引擎信息技术公司】企查查APP显示，近日，哈尔滨巨量引擎信息技术有限公司成立，经营范围包含：数字技术服务；计算机系统服务；软件开发等。企查查股权穿透显示，该公司由抖音集团（香港）有限公司间接全资持股。,2026-02-06 09:37:35,https://finance.eastmoney.com/a/202602063643729790.html
千问“崩了”,【千问“崩了”】2月6日，千问上线奶茶免单活动后，部分用户打开活动页面，发现“千问请客”页面无法点击，页面信息显示“系统开小差了，稍后再试吧”。有用户对记者反馈，除活动页面外，问答功能仍可正常使用。,2026-02-06 09:36:02,https://finance.eastmoney.com/a/202602063643719315.html
兰州牛肉拉面迈向千亿元新征程,【兰州牛肉拉面迈向千亿元新征程】在不久前的甘肃省两会现场，一份关于用“AI+元宇宙”技术为兰州牛肉拉面注入新动能的提案，引发了代表委员们的热烈讨论。提出该提案的省政协委员杜擂升指出，门店总数超7.1万家、全产业链营收突破800亿元、正向千亿规模迈进的兰州牛肉拉面产业，其传统发展模式正遭遇数字时代的挑战。,2026-02-06 09:35:17,https://finance.eastmoney.com/a/202602063643736798.html
AI应用端震荡下挫 遥望科技、浙文互联跌停,AI应用端震荡下挫，遥望科技、浙文互联跌停，石基信息、光云科技、宣亚国际、天下秀等纷纷跟跌。,2026-02-06 09:34:37,https://finance.eastmoney.com/a/202602063643711296.html
白酒板块盘初走弱 皇台酒业跌停,白酒板块盘初走弱，皇台酒业跌停，金徽酒、酒鬼酒、舍得酒业等跟跌。,2026-02-06 09:32:56,https://finance.eastmoney.com/a/202602063643699835.html
贵金属概念再遭重挫 湖南白银二连跌停,贵金属概念再遭重挫，湖南白银二连跌停，盛达资源跌停，山金国金、赤峰黄金、豫光金铅、中国黄金、四川黄金、招金黄金低开。消息面上，现货黄金失守4700美元/盎司，现跌1.6%。,2026-02-06 09:31:02,https://finance.eastmoney.com/a/202602063643688992.html
中药板块表现活跃 特一药业、盘龙药业涨停,中药板块表现活跃，特一药业、盘龙药业涨停，生物谷涨超15%，陇神戎发、粤万年青涨超10%，大唐药业、振东制药、佛慈制药跟涨。,2026-02-06 09:27:22,https://finance.eastmoney.com/a/202602063643681150.html
港股蔚来-SW高开2.02%,港股蔚来-SW高开2.02%，公司预计将在2025年第四季度实现单季度盈利。按照公司测算，四季度经调整后的经营利润预计为1亿元至7亿元人民币，这是蔚来自成立以来第一次在单个季度实现盈利。,2026-02-06 09:26:51,https://finance.eastmoney.com/a/202602063643677043.html
A股开盘：三大指数集体低开,【A股开盘：三大指数集体低开】A股开盘，上证指数低开0.87%，深证成指低开1.09%，创业板指低开1.15%。有色金属、油气资源股领跌。,2026-02-06 09:26:03,https://finance.eastmoney.com/a/202602063643672297.html
央行今日开展315亿元7天逆回购操作,央行今日开展315亿元7天逆回购操作，操作利率为1.40%。同时，以固定数量、利率招标、多重价位中标方式开展了3000亿元14天期逆回购操作。,2026-02-06 09:23:19,https://finance.eastmoney.com/a/202602063643669913.html
“HBM之父”：到2038年HBF的存储需求将超越HBM,【“HBM之父”：到2038年HBF的存储需求将超越HBM】近日，被称作“HBM之父”的韩国科学技术院教授金正浩在“HBF研究内容和技术发展战略简报会”上强调，随着人工智能的思考和推理能力变得重要，从文本向语音界面的转变，所需的数据量将不可避免地急剧增加。金正浩预测，由于HBM本身无法应对急剧增加的需求，行业将不可避免地采用HBF。,2026-02-06 09:22:37,https://finance.eastmoney.com/a/202602063643669572.html
港股低开 恒生指数跌1.97%,港股低开，恒生指数跌1.97%，恒生科技指数跌2.42%。明星科网股走弱，百度跌超4%，京东健康、阿里巴巴均跌超3%，快手、哔哩哔哩、网易-S、京东等个股跟跌。,2026-02-06 09:21:40,https://finance.eastmoney.com/a/202602063643669283.html
阿里千问红包分享链接被微信屏蔽,【阿里千问红包分享链接被微信屏蔽】2月6日，阿里千问正式上线“春节30亿免单”，发放奶茶免单卡。记者发现，继微信封杀自家腾讯元宝、百度文心助手后，千问的红包分享链接也被微信屏蔽，页面显示网页存在诱导或误导下载/跳转的内容，需要跳转第三方浏览器访问。同时，部分用户在千问APP点击分享活动至微信好友时，已自动改为复制口令形式。,2026-02-06 09:20:04,https://finance.eastmoney.com/a/202602063643668846.html
拓普集团成立航天科技公司 含火箭发动机业务,【拓普集团成立航天科技公司 含火箭发动机业务】企查查APP显示，近日，宁波拓普航天科技有限公司成立，注册资本1亿元，经营范围包含：航天器及运载火箭制造；民用航空器（发动机、螺旋桨）生产；民用航天发射技术服务；火箭发动机研发与制造等。企查查股权穿透显示，该公司由拓普集团全资持股。,2026-02-06 09:19:01,https://finance.eastmoney.com/a/202602063643665537.html
求是：金融何以是“国之大者”？,【求是：金融何以是“国之大者”？】习近平总书记深刻指出：“金融是‘国之大者’，关系中国式现代化建设全局。”总书记的重要论断，从战略和全局高度阐明了金融工作的极端重要性，揭示了加快建设金融强国的战略意义。,2026-02-06 09:16:55,https://finance.eastmoney.com/a/202602063643658385.html
人民币兑美元中间价报6.9590 下调20点,人民币兑美元中间价报6.9590，下调20点。,2026-02-06 09:16:13,https://finance.eastmoney.com/a/202602063643652172.html
工信部公开征求《工业软件 二维几何约束引擎应用程序接口规范》等13项行业标准报批意见,【工信部公开征求《工业软件 二维几何约束引擎应用程序接口规范》等13项行业标准报批意见】据工信部，根据行业标准制修订计划，相关标准化技术组织已完成电子行业《工业软件 二维几何约束引擎应用程序接口规范》等13项行业标准的编制工作。为进一步听取社会各界意见，现予以公示。,2026-02-06 09:15:35,https://finance.eastmoney.com/a/202602063643639681.html
神剑股份：公司与中科宇航、星河动力、北京蓝箭鸿擎等均有业务合作,【神剑股份：公司与中科宇航、星河动力、北京蓝箭鸿擎等均有业务合作】神剑股份（002361.SZ）2月6日在投资者互动平台表示，公司与中科宇航、星河动力、北京蓝箭鸿擎等均有业务合作。,2026-02-06 09:12:25,https://finance.eastmoney.com/a/202602063643620322.html
胜利精密：公司已经取得头部客户关于复合铜箔产品的技术授权 双方正在积极推动后续合作事项,【胜利精密：公司已经取得头部客户关于复合铜箔产品的技术授权 双方正在积极推动后续合作事项】胜利精密（002426.SZ）2月6日在投资者互动平台表示，公司已经取得头部客户关于复合铜箔产品的技术授权，双方正在积极推动后续合作事项。,2026-02-06 09:10:44,https://finance.eastmoney.com/a/202602063643619022.html
以色列总理称做好严厉打击伊朗准备,【以色列总理称做好严厉打击伊朗准备】总台记者当地时间2月5日获悉，以色列总理内塔尼亚胡当天在出席议会外交与国防委员会的讨论时表示，以色列已做好对伊朗发动“非常严厉打击”的准备。据称目前的打击准备程度及强度“将远超去年6月对伊朗的打击行动”。他同时表示，以色列和美国在伊朗问题上保持密切沟通。,2026-02-06 09:08:48,https://finance.eastmoney.com/a/202602063643592023.html
现货白银日内转涨 此前一度跌近10%,现货白银日内转涨，此前一度跌近10%。,2026-02-06 09:05:55,https://finance.eastmoney.com/a/202602063643575290.html
北斗短信业务正式推出,【北斗短信业务正式推出】记者5日从中国时空获悉，基于中国时空服务能力，中国移动、中国电信、中国联通均已推出北斗短信业务，不仅为应急通信、户外出行、日常联络筑牢安全防线，更广泛赋能健康服务、养老服务、儿童保障等多元民生场景。,2026-02-06 09:05:28,https://finance.eastmoney.com/a/202602063643565293.html
沪锡期货主力合约日内跌超8%,沪锡期货主力合约日内跌超8%，现报348770元/吨。,2026-02-06 09:04:44,https://finance.eastmoney.com/a/202602063643559687.html
小马智行与摩尔线程达成战略合作,【小马智行与摩尔线程达成战略合作】2月6日，小马智行与摩尔线程正式宣布达成战略合作。双方将聚焦L4级自动驾驶技术落地与规模化应用，围绕小马智行的技术核心——世界模型及虚拟司机系统的训练与优化展开深度协同。,2026-02-06 09:03:41,https://finance.eastmoney.com/a/202602063643553564.html
寒潮继续影响中东部 安徽浙江等地将现明显雨雪,【寒潮继续影响中东部 安徽浙江等地将现明显雨雪】寒潮将继续南下影响我国，江南东部部分地区降温幅度将超过12℃。同时，大范围雨雪天气还将持续，随着气温下降，今天安徽、江苏、上海、浙江等地将出现雨雪转换，安徽南部、浙江北部等地部分地区有大雪，局地暴雪。,2026-02-06 09:02:39,https://finance.eastmoney.com/a/202602063643544919.html
富时中国A50指数期货开跌0.76%,富时中国A50指数期货开跌0.76%。,2026-02-06 09:00:17,https://finance.eastmoney.com/a/202602063643529886.html
国内商品期货早盘开盘 主力合约大面积飘绿,国内商品期货早盘开盘，主力合约大面积飘绿。跌幅方面，沪银跌超17%，铂跌近10%，沪锡跌超6%，碳酸锂跌超5%，钯、沪金跌超4%，烧碱跌超3%，沪铜、国际铜、焦煤、多晶硅、PVC跌超2%，沪镍、玻璃跌近2%，工业硅、原油、聚丙烯、塑料、纯苯等跌超1%；涨幅方面，氧化铝、淀粉、白糖、豆粕、胶版纸等小幅上涨。,2026-02-06 09:00:02,https://finance.eastmoney.com/a/202602063643524852.html
千问30亿元免单引爆春节“AI大战” 奶茶免单开启AI购物时代,【千问30亿元免单引爆春节“AI大战” 奶茶免单开启AI购物时代】2月6日一早，千问App“春节30亿元大免单”正式上线，发动“奶茶攻势”，邀请全国人民用AI一句话免费点奶茶。千问App相关人士表示：“我们希望通过春节大免单活动，邀请大家体验AI时代的全新生活方式，让AI融入人们真实的生活消费之中。”,2026-02-06 08:58:13,https://finance.eastmoney.com/a/202602063643517070.html
嫦娥六号月背样品修正月球研究“时间标尺”,【嫦娥六号月背样品修正月球研究“时间标尺”】月球研究“时间标尺”更新了。基于嫦娥六号月背样品，来自中国科学院地质与地球物理研究所等单位的研究团队结合遥感图像，成功修正沿用数十年的月球撞击坑定年模型，首次证实月球正面与背面的陨石撞击频率基本一致，并揭示月球早期撞击事件呈平滑衰减趋势，而非此前假说中的剧烈波动。相关研究成果5日发表于《科学进展》杂志。,2026-02-06 08:56:44,https://finance.eastmoney.com/a/202602063643501798.html
中国打通量子网络“任督二脉” 理论构想走向现实可能,【中国打通量子网络“任督二脉” 理论构想走向现实可能】近日，中国科学家在量子通信领域取得关键突破，构建出首个真正可扩展的量子网络中继单元。这一成果与另一项新型加密技术的结合，不仅在11公里光纤中完成了最高安全等级的通信验证，更将安全成码距离推进至100公里，标志着我国在远距离量子通信实用化道路上迈出决定性一步。,2026-02-06 08:55:42,https://finance.eastmoney.com/a/202602063643496065.html
为无人驾驶时代铺设中国“安全基座”,【为无人驾驶时代铺设中国“安全基座”】一辆自动驾驶汽车平稳驶上庞大的多自由度平台，车轮随之转动，模拟着真实道路的行驶状态。一旁，由众多仪器构成的模拟测试系统正在运行。在虚拟世界中，系统悄然向这辆车注入无数极端场景：前方突然出现的行人、侧方疾驰而过的车辆、瞬间变幻的雨雪天气……“传统路测需要半年才能遇到的危险场景，如今只需3天就能全部‘考’完。”西安建筑科技大学校长、长安大学教授赵祥模表示。,2026-02-06 08:54:08,https://finance.eastmoney.com/a/202602063643488956.html
低位重仓做多高位精准阻击 中财期货席位成白银期货超级行情大赢家！,【低位重仓做多高位精准阻击 中财期货席位成白银期货超级行情大赢家！】在白银市场经历剧烈调整时，中财期货席位在1月29日的2.5万手空单，在5个交易日内浮盈或超40亿元。记者发现，中财期货席位在此前白银期货加速上涨时悄然建立空头头寸，并成为第一大空头席位，但这并非该席位首次建仓空单。而该席位在2023年、2024年白银相对低位时，曾是沪银期货的第一大多头，在2025年上半年亦是多头主力。,2026-02-06 08:52:28,https://finance.eastmoney.com/a/202602063643478980.html
美伊谈判前夕 伊朗展示先进弹道导弹,【美伊谈判前夕 伊朗展示先进弹道导弹】当地时间4日晚，伊朗伊斯兰革命卫队公布一处地下导弹设施，并展示其中已进入实战部署状态的“霍拉姆沙赫尔-4”型弹道导弹，这是伊朗最先进的弹道导弹之一。,2026-02-06 08:48:58,https://finance.eastmoney.com/a/202602063643473234.html
中信证券：具备药险资源整合能力与技术壁垒的平台型公司 有望脱颖而出,【中信证券：具备药险资源整合能力与技术壁垒的平台型公司 有望脱颖而出】中信证券认为，在基本医保管理边界逐渐明晰的趋势下，商保有望成为医疗健康产业支付端的核心增量，当前政策红利、数据资产与商业健康险产品迭代共振有望开启医疗健康产业多元化支付体系发展新周期。,2026-02-06 08:48:45,https://finance.eastmoney.com/a/202602063643473329.html
两市融资余额减少117.57亿元,【两市融资余额减少117.57亿元】截至2月5日，上交所融资余额报13434.77亿元，较前一交易日减少49.55亿元；深交所融资余额报13119.17亿元，较前一交易日减少68.02亿元；两市合计26553.94亿元，较前一交易日减少117.57亿元。,2026-02-06 08:48:06,https://finance.eastmoney.com/a/202602063643472947.html
电气风电再获576MW海风订单,【电气风电再获576MW海风订单】据电气风电消息，继2月2日获福建华电长乐55万千瓦海上风电项目后，近日，申能海南CZ2海上风电示范项目二期风力发电机组（含塔筒）设备采购标段I、II中标结果公示，公示内容显示，电气风电均位列第一中标候选人。两个标段中标总容量为576MW。,2026-02-06 08:45:14,https://finance.eastmoney.com/a/202602063643471522.html
消息称英伟达RTX60系列显卡将推迟 预计2027年底才会大规模生产,【消息称英伟达RTX60系列显卡将推迟 预计2027年底才会大规模生产】由于行业内存涨价潮致供应紧张，以及公司将产能优先倾斜至AI芯片，英伟达将推迟RTX 50系列SUPER显卡的发布计划。受此影响，面向游戏玩家的下一代产品线RTX 60系列也将延后量产，预计要到2027年底才会启动大规模生产，这意味着该系列显卡可能要到2028年甚至更晚才会上市。,2026-02-06 08:40:26,https://finance.eastmoney.com/a/202602063643471245.html
现货金银回升 现货黄金跌幅收窄至1%以内,现货金银回升，现货黄金跌幅收窄至1%以内，此前跌超2.5%，现货白银跌幅收窄至2.3%，此前跌9%。,2026-02-06 08:36:58,https://finance.eastmoney.com/a/202602063643470928.html
中信证券：看好存储产能扩张及技术迭代加速 半导体核心供应商空间广阔,【中信证券：看好存储产能扩张及技术迭代加速 半导体核心供应商空间广阔】中信证券研报表示，受AI强劲需求拉动，判断存储需求将保持高景气度，存储芯片的涨价有望贯穿2026年全年并持续带来行业催化。看好国内存储大厂的产能扩张和技术迭代加速，晶圆制造工艺相关的半导体材料用量料将大幅提升，大厂的材料及零部件端核心供应商有望充分受益，随下游产能落地节奏实现经营数据的阶梯式大幅增长。,2026-02-06 08:36:09,https://finance.eastmoney.com/a/202602063643470784.html
农业农村部：全面开展第二轮土地承包到期后再延长30年整省试点,【农业农村部：全面开展第二轮土地承包到期后再延长30年整省试点】农业农村部发布关于落实《中共中央国务院关于锚定农业农村现代化扎实推进乡村全面振兴的意见》的实施意见。意见提到，稳定土地承包关系。全面开展第二轮土地承包到期后再延长30年整省试点，指导各省健全工作机制，研究制定延包具体办法，细化配套措施，妥善解决延包中的矛盾纠纷，确保绝大多数农户原有承包地保持稳定、顺利延包。,2026-02-06 08:35:20,https://finance.eastmoney.com/a/202602063643470597.html
2月6日投资避雷针：涉嫌操纵市场！这家上市公司实控人被证监会立案,【2月6日投资避雷针：涉嫌操纵市场！这家上市公司实控人被证监会立案】近日，A股及海外市场潜在风险事件如下。国内经济信息方面包括：1）需求疲软成交清淡，硅片价格承压下行；2）国内商品期市夜盘收盘多数下跌；公司方面重点关注包括：1）倍轻松实际控制人马学军因涉嫌操纵证券市场被证监会立案；2）2连板协鑫集成公司暂未获得“太空光伏”领域的相关订单；海外市场重点关注包括：1）美股三大指数集体收跌，热门科技股普跌；2）COMEX黄金期货收跌3.08%，COMEX白银期货收跌16.64%等。,2026-02-06 08:34:53,https://finance.eastmoney.com/a/202602063643470681.html
盘后大跌超11%！亚马逊2000亿美元支出计划惊呆市场 AWS创13个季度最快增速,【盘后大跌超11%！亚马逊2000亿美元支出计划惊呆市场 AWS创13个季度最快增速】美东时间周四盘后，亚马逊公布了好坏参半的第四季度财报，并将2026年资本支出预期上调至2000亿美元。这一支出计划规模不仅超过谷歌母公司Alphabet，更接近META今年支出预计规模的两倍。这一惊人的“烧钱”计划导致公司股价在盘后交易中下跌超过11%。,2026-02-06 08:34:29,https://finance.eastmoney.com/a/202602063643470344.html
沃什不降息就会“沦为被告”？贝森特拒绝承诺：这取决于特朗普！,【沃什不降息就会“沦为被告”？贝森特拒绝承诺：这取决于特朗普！】新年伊始，美国司法部对美联储主席鲍威尔发出传票一事引发热议；而现如今，其“接班人”凯文·沃什还未正式上任就已收到了来自美国总统特朗普的“起诉警告”。,2026-02-06 08:34:11,https://finance.eastmoney.com/a/202602063643469815.html
农业农村部：深化农村集体产权制度改革 不对集体收入提硬性目标,【农业农村部：深化农村集体产权制度改革 不对集体收入提硬性目标】农业农村部发布关于落实《中共中央国务院关于锚定农业农村现代化扎实推进乡村全面振兴的意见》的实施意见。其中提到，稳健发展新型农村集体经济。深化农村集体产权制度改革，支持各地采取自主经营、出租经营、入股经营等方式盘活利用集体资产资源，增加集体经济收入。,2026-02-06 08:33:56,https://finance.eastmoney.com/a/202602063643469467.html
福莱新材：与灵心巧手达成全面战略合作 10万套触觉传感器订单落地,【福莱新材：与灵心巧手达成全面战略合作 10万套触觉传感器订单落地】福莱新材(605488)官方公众号显示，2026年2月5日，公司与灵心巧手（北京）科技有限公司正式签署全面战略合作协议，灵心巧手向福莱新材采购10万套触觉传感器。双方将在柔性传感与机器人灵巧手领域展开深度合作，建立长期全面的战略伙伴关系，共同推动具身智能技术的商业化落地。,2026-02-06 08:32:39,https://finance.eastmoney.com/a/202602063643469350.html
农业农村部：加强人工智能在农业农村领域应用 拓展无人机、物联网、机器人等应用场景,【农业农村部：加强人工智能在农业农村领域应用 拓展无人机、物联网、机器人等应用场景】农业农村部发布关于落实《中共中央国务院关于锚定农业农村现代化扎实推进乡村全面振兴的意见》的实施意见。其中提到，大力推进智慧农业行动计划。加强人工智能在农业农村领域应用，拓展无人机、物联网、机器人等应用场景。,2026-02-06 08:32:24,https://finance.eastmoney.com/a/202602063643469288.html
农业农村部：加力实施农机购置与应用补贴“优机优补”、“有进有出”政策 扎实推进老旧农机报废更新,【农业农村部：加力实施农机购置与应用补贴“优机优补”、“有进有出”政策 扎实推进老旧农机报废更新】农业农村部发布关于落实《中共中央国务院关于锚定农业农村现代化扎实推进乡村全面振兴的意见》的实施意见。其中提到，加快实施农机装备高质量发展行动。高质量实施农机研发专项，深入开展农机研发制造推广应用一体化试点，加强农机研发制造推广应用先导区建设，加快高端智能、丘陵山区适用农机装备及关键零部件研发应用，大力发展新能源农机。,2026-02-06 08:31:43,https://finance.eastmoney.com/a/202602063643468327.html
农业农村部：加强国家种业阵型企业梯度培育 深入推进国家育种联合攻关和畜禽遗传改良计划,【农业农村部：加强国家种业阵型企业梯度培育 深入推进国家育种联合攻关和畜禽遗传改良计划】农业农村部发布关于落实《中共中央国务院关于锚定农业农村现代化扎实推进乡村全面振兴的意见》的实施意见。其中提到，深入实施种业振兴行动。加强种质资源精准鉴定和创制利用，实施农作物种质资源改良计划。,2026-02-06 08:31:07,https://finance.eastmoney.com/a/202602063643468021.html
爱尔眼科董事长陈邦疑似为“骗保”精神病院实控人,【爱尔眼科董事长陈邦疑似为“骗保”精神病院实控人】近日，湖北多家精神病医院被曝虚构诊疗项目、套取医保资金，引发广泛关注。查询天眼查发现，被报道点名的襄阳恒泰康医院在股权穿透后，实际控制人为A股上市公司爱尔眼科实际控制人陈邦。,2026-02-06 08:30:51,https://finance.eastmoney.com/a/202602063643467878.html
基金经理个人炒股合法吗？记者调查了多家头部公募 答案出人意料,【基金经理个人炒股合法吗？记者调查了多家头部公募 答案出人意料】基金经理居然能自己炒股？近日，一则险资公募旗下基金经理“个人炒股盈利、所管产品长期亏损”的传言，将这一现象推向公众视野，引发市场关注。记者就此采访全国多家基金公司发现，根据现行法律法规，基金经理个人炒股有法可依，并未被完全禁止，只不过多数头部公司是“一刀切”地严禁，而部分公司则允许在严格合规前提下有限开放。,2026-02-06 08:26:50,https://finance.eastmoney.com/a/202602053643107953.html
韩国KOSPI指数跌超5%,【韩国KOSPI指数跌超5%】日经225指数跌1.17%，报53186.12点；韩国KOSPI指数跌5.07%，报4901.89点。,2026-02-06 08:24:04,https://finance.eastmoney.com/a/202602063643465751.html
比特币向下触及60000美元 日内跌超11%,比特币向下触及60000美元，日内跌超11%。杠杆押注解除及整体市场动荡加剧抛售。与去年10月初创出历史新高的12.6万美元相比，比特币已下跌超52%。,2026-02-06 08:22:47,https://finance.eastmoney.com/a/202602063643465476.html
苏州固锝：对于2026年银包铜浆料出货的预期比较乐观,【苏州固锝：对于2026年银包铜浆料出货的预期比较乐观】苏州固锝2月5日在机构调研时表示，2026年由于银价高企，预计异质结电池的开工率会有所回升，直接带动银包铜浆料的出货量增长；同时，由于银价上涨，传统使用纯银浆料的Topcon电池以及BC电池上会部分使用银包铜浆料，从而降低产品成本。,2026-02-06 08:20:12,https://finance.eastmoney.com/a/202602063643465224.html
美股三大股指期货跌幅扩大 标普500指数期货跌1%,美股三大股指期货跌幅扩大，标普500指数期货跌1%，纳指期货跌1.6%，道指期货跌近0.6%。,2026-02-06 08:19:21,https://finance.eastmoney.com/a/202602063643465168.html
证券日报：上市公司回应热点应讲清情况、说足风险,【证券日报：上市公司回应热点应讲清情况、说足风险】笔者认为，上市公司在回应市场热点和投资者关切时，需恪守“真实、准确、完整”的信息披露底线，把业务关联的模糊地带说透、把发展中的风险点讲足。这既是监管层对上市公司信息披露的明确要求，也是上市公司坚守合规经营、维护市场公平秩序的应有之义。,2026-02-06 08:17:17,https://finance.eastmoney.com/a/202602063643188921.html
千问APP“春节30亿大免单”正式上线,【千问APP“春节30亿大免单”正式上线】千问APP“春节30亿大免单”今日上线，邀请全国人民用AI一句话免费点奶茶。千问APP活动页面显示，第一波免单活动时间为2月6日-2月12日。更新千问APP后，能获得一张25元无门槛免单卡，除了免单喝奶茶，也能通过淘宝闪购买年货、点外卖。,2026-02-06 08:16:13,https://finance.eastmoney.com/a/202602063643464790.html
银河证券：当前A股一些铜矿核心标的2026年估值安全边际高 配置价值凸显,【银河证券：当前A股一些铜矿核心标的2026年估值安全边际高 配置价值凸显】银河证券认为，国内推进铜资源储备体系建设，旨在提升国内铜供应链韧性和安全水平。全球百年变局下，大国博弈为自身资源供应安全掌控关键矿产、构建独立供应链体系，将导致全球铜缺口扩大，铜价将因“安全溢价”上行。短期铜价受美联储政策预期错杀影响，具备一定修复动力，下游需求回暖夯实基本面支撑，当前A股一些铜矿核心标的2026年估值安全边际高，配置价值凸显。看好铜价后市继续上涨。,2026-02-06 08:15:19,https://finance.eastmoney.com/a/202602063643464466.html
春节消费旺季大幕拉开 机构称消费市场或迎强劲复苏,【春节消费旺季大幕拉开 机构称消费市场或迎强劲复苏】据媒体报道，临近春节，年货、年礼采购成为居民消费的主题。专家认为，与往年相比，今年春节是个“大年”，消费需求将更加旺盛，电商平台通过科技赋能、促销活动等进一步点燃了春节消费热潮。,2026-02-06 08:12:38,https://finance.eastmoney.com/a/202602063643465636.html
功率半导体巨头英飞凌宣布涨价 国产厂商有望迎来盈利改善空间,【功率半导体巨头英飞凌宣布涨价 国产厂商有望迎来盈利改善空间】半导体大厂英飞凌2月5日发布涨价通知称，由于功率开关与相关芯片供给持续吃紧，以及原材料与基础设施成本攀升，公司将自2026年4月1日起对这部分产品价格进行上调。,2026-02-06 08:12:37,https://finance.eastmoney.com/a/202602063643465011.html
腾讯推出“火龙漫剧”平台 AI漫剧有望成为AI应用最佳商业化落点,【腾讯推出“火龙漫剧”平台 AI漫剧有望成为AI应用最佳商业化落点】2月4日，腾讯陆续在各大应用商店推出旗下首款漫剧独立App“火龙漫剧”。媒体“Tech星球”称，该产品由腾讯视频内部一支年轻团队完成，在启动筹备后，很快就实现上线。据介绍，“火龙漫剧”App融合漫画分镜、AI技术、动态效果与短视频形态，播放内容当前均为免费，以竖屏信息流为主界面，这种设计与当下主流的短视频平台相似，单集时长多在1-3分钟之间。,2026-02-06 08:12:36,https://finance.eastmoney.com/a/202602063643464976.html
美俄《新削减战略武器条约》到期 军备竞赛风险加剧,【美俄《新削减战略武器条约》到期 军备竞赛风险加剧】在美俄《新削减战略武器条约》2月5日到期失效之后，是否能达成新的条约尚不明朗。对此有俄罗斯专家表示，如果不能达成新的条约，将会引发新一轮的军备竞赛。,2026-02-06 08:12:29,https://finance.eastmoney.com/a/202602063643464053.html
各地多措并举激活“小票根”里的“大消费”,【各地多措并举激活“小票根”里的“大消费”】新春佳节临近，全国多地纷纷解锁票根联动新玩法，将交通、演出、赛事、景区等各类票根转化为消费福利凭证，串联起“吃住行游购娱”全链条，实现“一次消费，多重福利”的体验，让群众在新春出行游玩期间享受多重实惠，为消费市场注入强劲活力。,2026-02-06 08:12:16,https://finance.eastmoney.com/a/202602063643189498.html
马斯克据悉将采用两步合并流程完成SpaceX对xAI的收购,【马斯克据悉将采用两步合并流程完成SpaceX对xAI的收购】消息人士称，马斯克采用两步合并流程完成SpaceX对xAI的收购。根据合并结构，SpaceX无需承担xAI的债务。xAI将作为SpaceX的子公司运营，此举可使SpaceX规避法律责任。,2026-02-06 08:11:44,https://finance.eastmoney.com/a/202602063643463542.html
苹果据悉收缩虚拟健康教练研发 项目“Mulberry”遭拆解,【苹果据悉收缩虚拟健康教练研发 项目“Mulberry”遭拆解】2月6日消息，据报道，苹果公司正战略收缩虚拟健康教练服务的开发计划，以重新审视其在大健康服务市场的布局，代号为“Mulberry”的项目已于近期被叫停。苹果计划将该AI服务原定的部分功能进行分拆，未来将逐步整合至现有的健康应用中。,2026-02-06 08:10:40,https://finance.eastmoney.com/a/202602063643458620.html
韩国股指期货触发熔断机制,【韩国股指期货触发熔断机制】韩国KOSPI 200指数期货下跌5%，程序化交易暂停5分钟。,2026-02-06 08:08:52,https://finance.eastmoney.com/a/202602063643444142.html
比特币日内跌近8% 跌破62000美元,比特币日内跌近8%，跌破62000美元。,2026-02-06 08:05:32,https://finance.eastmoney.com/a/202602063643433239.html
美元存款投资吸引力减弱,【美元存款投资吸引力减弱】近期，多位投资者反映配置美元存款到期后出现亏损。记者了解到，目前银行一年期美元存款利率基本稳定在3%左右，较去年年初4%左右的利率水平有所降低，美元存款的投资吸引力也随之减弱。受访专家表示，投资者配置美元存款意愿减弱，除受存款利率下行影响外，还与汇率波动、汇兑成本相关。建议投资者配置时警惕此类风险，操作中重点关注银行报价、合理规划存款期限，并留意各类交易成本。,2026-02-06 08:05:31,https://finance.eastmoney.com/a/202602063643189110.html
中信建投：券商业绩高增与政策暖风形成共振 估值上修预期强化 板块配置价值凸显,【中信建投：券商业绩高增与政策暖风形成共振 估值上修预期强化 板块配置价值凸显】中信建投研报表示，2025年上市券商净利润普遍实现高增，主要受益于日均成交额同比提升及两融余额维持高位，多家券商净利增幅超70%；与此同时，降准降息与中长期资金入市方案落地，分类评价优化打开优质券商资本空间，并购重组成效显著。,2026-02-06 08:04:38,https://finance.eastmoney.com/a/202602063643433115.html
现货白银日内重挫7%,现货白银日内重挫7%，现报65.91美元/盎司。,2026-02-06 08:03:40,https://finance.eastmoney.com/a/202602063643432997.html
现货黄金跌破4700美元关口,现货黄金跌破4700美元关口，日内跌幅1.65%。,2026-02-06 08:02:50,https://finance.eastmoney.com/a/202602063643432691.html
日韩股市集体低开,【日韩股市集体低开】日经225指数跌0.68%，报53452.85点；韩国KOSPI指数跌2.91%，报5013.15点。,2026-02-06 08:01:06,https://finance.eastmoney.com/a/202602063643432581.html
全国实现生育津贴直接发放至个人,【全国实现生育津贴直接发放至个人】记者6日从国家医保局获悉，全国范围内已实现生育津贴直接发放至个人。医保部门将继续指导地方优化流程与服务，不断提升参保群众的获得感和满意度，助力构建生育友好型社会。,2026-02-06 08:01:02,https://finance.eastmoney.com/a/202602063643426034.html
“瑞丽疫情再次爆发 采取封城措施”？官方辟谣,【“瑞丽疫情再次爆发 采取封城措施”？官方辟谣】云南瑞丽市卫生健康局消息，2026年以来，互联网平台流传多条关于“瑞丽再次爆发疫情采取封城措施”的不实视频信息，引发大量网民关注讨论。这些信息严重误导公众，扰乱了社会正常秩序，给全市群众生产生活以及社会经济发展带来负面影响。,2026-02-06 07:57:36,https://finance.eastmoney.com/a/202602063643404170.html
锋龙股份：如未来公司股票价格进一步异常上涨 可能再次申请停牌核查,【锋龙股份：如未来公司股票价格进一步异常上涨 可能再次申请停牌核查】锋龙股份公告称，公司股票交易出现异常波动，股价已严重脱离公司基本面，存在市场情绪过热、非理性炒作风险。公司市盈率和市净率远超行业平均水平，已累积极大交易风险，未来可能存在股价快速下跌的风险。如未来公司股票价格进一步异常上涨，公司可能再次申请停牌核查。,2026-02-06 07:55:02,https://finance.eastmoney.com/a/202602063643386152.html
美股股指期货扩大跌幅,美股股指期货扩大跌幅，其中纳指期货跌1.2%，标普500指数期货跌0.7%。,2026-02-06 07:54:09,https://finance.eastmoney.com/a/202602063643378289.html
人民日报访董明珠：为何要扎根制造业？对行业“内卷”有何看法？,【人民日报访董明珠：为何要扎根制造业？对行业“内卷”有何看法？】从深耕空调行业到进入工业母机、芯片等行业，格力电器的发展一直备受外界关注。记者近日与格力电器董事长董明珠进行了面对面交流，她分享了对实业的执着、对企业多元发展的思考。,2026-02-06 07:50:58,https://finance.eastmoney.com/a/202602063643400459.html
中金：美联储或将决定黄金牛市的终点 但这一拐点尚未到来,【中金：美联储或将决定黄金牛市的终点 但这一拐点尚未到来】中金认为美联储短期或难“缩表”，但持续“扩表”与QE的门槛也明显上升。如果美联储不愿通过“扩表”支持财政宽松，一个新的临时性货币-财政协同方式可能是美联储增加降息幅度，财政部增加短债发行，首先推动金融去监管，然后再开启“缩表”进程。美联储最终降息幅度或超出市场预期，美元宽松交易可能在短期回归。,2026-02-06 07:50:43,https://finance.eastmoney.com/a/202602063643354241.html
华泰证券：看好2026年风电光伏盈利修复 太空光伏或打造新业态,【华泰证券：看好2026年风电光伏盈利修复 太空光伏或打造新业态】展望2026年，华泰证券重申风电光伏板块盈利修复趋势：1）风机订单价格自2024年四季度以来持续回暖，考虑到前期低价订单交付步入尾声，涨价订单逐步交付支撑盈利修复。2）光伏需求走低预期下，供应链或强化质量与成本把控，加速高功率产品与贱金属导入，有望驱动盈利修复。,2026-02-06 07:49:50,https://finance.eastmoney.com/a/202602063643349198.html
美财长：是否追加对俄制裁取决于和平谈判进展,【美财长：是否追加对俄制裁取决于和平谈判进展】总台记者当地时间2月5日获悉，美国财政部长斯科特·贝森特表示，是否对俄罗斯实施进一步制裁，将取决于旨在结束俄乌冲突的和平谈判进展。,2026-02-06 07:48:22,https://finance.eastmoney.com/a/202602063643336359.html
现货黄金日内下跌50美元,现货黄金日内下跌50美元，现报4729.39美元/盎司，跌幅1.05%。,2026-02-06 07:47:30,https://finance.eastmoney.com/a/202602063643331092.html
上海百亿级国资基金 扩募,【上海百亿级国资基金 扩募】一级市场“活水”进一步扩充，助力科技创新企业发展。日前，上海市科学技术委员会发布的《2025上海科技进步报告》显示，上海国投旗下的上海未来产业基金规模已从100亿元扩募至150亿元。,2026-02-06 07:43:42,https://finance.eastmoney.com/a/202602053643155811.html
中信建投：汽车板块处于淡季弱势表现 销量悲观预期见底,【中信建投：汽车板块处于淡季弱势表现 销量悲观预期见底】中信建投研报指出，当前汽车板块处于淡季弱势表现，但近期来看，市场对销量悲观预期反馈逐步钝化，悲观预期见底，结构性看反内卷及出海预期改善，自动驾驶政策催化落地，人形机器人特斯拉V3临近推出节点。我们维持前期观点，26年汽车以旧换新政策支撑内需，商用车或更为受益；结构性看多端侧AI（无人驾驶及机器人）商业化0-1突破带来估值弹性。,2026-02-06 07:43:23,https://finance.eastmoney.com/a/202602063643316838.html
离岸这篇大文章 上海要落“先手棋”,【离岸这篇大文章 上海要落“先手棋”】围绕新一轮高水平对外开放，上海正加快在更高能级上布局离岸金融与离岸经济。上海“十五五”规划建议提出，“拓展跨境和离岸金融服务功能”“打造离岸金融（经济）功能区”，释放出上海在全球金融体系和国际经贸网络中争取先手、塑造枢纽的新信号。,2026-02-06 07:40:03,https://finance.eastmoney.com/a/202602063643212012.html
银行代销信托：“形式销售”代价显现 “实质管理”成必答题,【银行代销信托：“形式销售”代价显现 “实质管理”成必答题】随着信托刚性兑付被打破及监管持续趋严，代销机构的责任边界正通过一系列司法判决得以清晰勾勒。业内人士表示，这标志着银行代销信托业务的底层逻辑正在发生深刻转变：其性质正从过去被视为低风险的“通道业务”，转向嵌入实质性审查、全流程管理及投资者适当性匹配的专业化服务。,2026-02-06 07:36:42,https://finance.eastmoney.com/a/202602063643241091.html
年轻投资者“坐过山车”实录：要把控制风险放在第一位,【年轻投资者“坐过山车”实录：要把控制风险放在第一位】“今天又被市场修理了。”作为“00后”的投资“小白”，李莫这几天和朋友见面时总会这样自嘲。上周五以来，市场赚钱效应不尽如人意，国际金价、银价大跌引发贵金属及科技板块深度回调，很多基金也大幅回撤。许多投资者很“受伤”，1月份的浮盈变浮亏，他们惊呼“亏钱比赚钱快多了”。,2026-02-06 07:32:07,https://finance.eastmoney.com/a/202602063643242741.html
现货白银失守67美元/盎司 日内跌幅5.46%,现货白银失守67美元/盎司，日内跌幅5.46%。,2026-02-06 07:29:19,https://finance.eastmoney.com/a/202602063643261019.html
OpenAI：GPT-5.3-Codex正式发布,【OpenAI：GPT-5.3-Codex正式发布】OpenAI创始人奥尔特曼：GPT-5.3-Codex来了！它拥有最佳编码性能，任务执行过程中的可操控性和实时更新功能，对于相同任务处理量，它仅需5.2-Codex一半的tokens，单 token处理速度提升25%以上，此外，它将能高效利用计算机资源。,2026-02-06 07:26:24,https://finance.eastmoney.com/a/202602063643260081.html
三星据悉将扩大用于HBM4的DRAM的产能,【三星据悉将扩大用于HBM4的DRAM的产能】2月6日消息，据报道，三星电子计划今年将基于10纳米工艺的第六代（1c）DRAM（用于HBM4）产量提升约170%。三星制定战略，将在韩国京畿道平泽第四工厂安装设备，计划明年第一季度实现月产10万至12万片DRAM晶圆；该生产线将全面配备制造HBM4用1c DRAM的设备。三星当前1c DRAM月产能为7万片晶圆。,2026-02-06 07:25:48,https://finance.eastmoney.com/a/202602063643260863.html
马斯克澄清：我们没有在研发手机,【马斯克澄清：我们没有在研发手机】此前有报道称，SpaceX正在研发一款专属的“星链”手机，旨在为公司未来的大规模IPO做好准备，并进一步拓展其卫星业务。报道称，该设备将直接接入星链卫星网络，这使得SpaceX成为了传统智能手机制造商的直接竞争对手。随后，马斯克在社交平台上回应称，我们没有在研发手机。他同时抨击，路透社谎话连篇。,2026-02-06 07:25:22,https://finance.eastmoney.com/a/202602063643259868.html
Anthropic发布新AI 金融服务公司承压,【Anthropic发布新AI 金融服务公司承压】Anthropic法律服务工具引发的软件股大跌尚未平息，该公司周四又发布了其最强人工智能(AI)模型的新版本，主要用于执行金融研究。该公司称，这款名为Claude Opus 4.6的版本能够检视企业数据、监管备案文件和市场信息，并生成详细的金融分析报告，通常这类工作通常需要人工耗时数天才能完成。,2026-02-06 07:24:43,https://finance.eastmoney.com/a/202602063643259673.html
特朗普即将推出“TrumpRX”药房网站 以提供折扣药品购买服务,【特朗普即将推出“TrumpRX”药房网站 以提供折扣药品购买服务】美国总统特朗普计划于当地时间周四推出一个药房网站，让人们能够直接购买处方药。白宫新闻秘书莱维特在社交平台上发文称，总统将于当地时间晚上7点在白宫举办一场活动，以推出这个名为“TrumpRX”的网站。该网站旨在让顾客能够直接从制药企业购买某些药品，无需使用保险，并且能以特朗普政府协商确定的折扣价购得这些药品。,2026-02-06 07:23:53,https://finance.eastmoney.com/a/202602063643259415.html
司美格鲁肽降糖药中国销售首次下滑,【司美格鲁肽降糖药中国销售首次下滑】2月5日，诺和诺德美股股价收盘跌8.14%。该公司的重磅疗法司美格鲁肽糖尿病药物“诺和泰”在中国的销售额首次出现下滑。据诺和诺德财务数据，诺和泰在包括香港和台湾的中国市场销售额在2025年下滑了7%，降至约54亿丹麦克朗（约合8.53亿美元）。,2026-02-06 07:22:24,https://finance.eastmoney.com/a/202602063643258958.html
安能物流：收到3153.01万份购股权的购股权要约的有效接纳，将于2月9日起被取消上市地位,【安能物流：收到3153.01万份购股权的购股权要约的有效接纳，将于2月9日起被取消上市地位】2月6日早间，安能物流与要约人CelestiaBidCoLimited在港交所联合公布，于2026年1月29日下午四时三十分（即递交购股权要约接纳表格的最后时间及日期），已收到有关3153.01万份购股权的购股权要约的有效接纳，合共占于购股权要约记录日期的购股权总数（不包括除外购股权）的100%。,2026-02-06 07:18:02,https://finance.eastmoney.com/a/202602063643257952.html
现货白银跌破70美元/盎司,现货白银跌破70美元/盎司，为去年12月23日以来首次，日内跌幅达1%。,2026-02-06 07:16:14,https://finance.eastmoney.com/a/202602063643256082.html
“AI杀死SaaS”论调引发全球抛售 软件的天塌了吗,【“AI杀死SaaS”论调引发全球抛售 软件的天塌了吗】受AI可能颠覆SaaS的情绪影响，全球资本市场正在剧烈震荡。2月3日，在美国人工智能初创企业Anthropic发布一款面向企业法务的插件后，一些面临AI替代风险的SaaS公司股票遭到抛售。据统计，周二追踪软件、金融数据和交易所股票的两项标普类股指数市值周二合计蒸发了约3000亿美元。,2026-02-06 07:09:35,https://finance.eastmoney.com/a/202602063643254494.html
暴涨314.93%！300344第三次停牌核查,【暴涨314.93%！300344第三次停牌核查】2月5日晚间，*ST立方（300344）公告，由于存在市场情绪过热、非理性炒作风险，公司股票将启动第三次停牌核查。公司股票将在2月6日开市起停牌，自核查结束并披露核查公告后复牌，预计停牌时间不超过5个交易日。,2026-02-06 07:01:44,https://finance.eastmoney.com/a/202602063643251694.html
周五复牌！“A吃A” 最新进展,【周五复牌！“A吃A” 最新进展】停牌五个交易日后，江丰电子股票将在2月6日复牌。1月29日，江丰电子公告称，基于整体战略规划及未来发展需要，公司拟以现金收购北交所“凯德石英”控制权。2月5日，江丰电子发布了收购最新进展。,2026-02-06 07:01:36,https://finance.eastmoney.com/a/202602063643251570.html
俄称继续多方向打击乌军目标 乌称击退俄军进攻,【俄称继续多方向打击乌军目标 乌称击退俄军进攻】俄罗斯国防部5日通报称，过去一天，俄军继续在多个方向打击乌军；俄军战役战术航空兵、攻击无人机、火箭部队和炮兵，对乌克兰148个区域内乌军使用的交通与能源基础设施、远程无人机组装储存发射场、弹药库，以及乌军编队和外籍雇佣兵临时部署点实施了打击。俄防空系统击落381架固定翼无人机。,2026-02-06 06:57:52,https://finance.eastmoney.com/a/202602063643254886.html
太赫兹显微镜直接观测微观量子振动,【太赫兹显微镜直接观测微观量子振动】据《自然》杂志4日报道，美国麻省理工学院研究团队开发出一种新型太赫兹显微镜，突破太赫兹光衍射极限，首次将太赫兹光聚焦到微观尺度，实现对超导材料中微观量子振动的直接观测。这一突破使科学家得以观测到隐藏数十年的电子行为，为研究高温超导机制及未来太赫兹通信器件提供了新工具。,2026-02-06 06:57:00,https://finance.eastmoney.com/a/202602063643254582.html
最大规模量子材料模拟器制成,【最大规模量子材料模拟器制成】澳大利亚硅量子计算公司科学家在4日出版的《自然》杂志发表论文，宣布成功研制出迄今规模最大的量子材料模拟器——“量子孪生”。这款由磷原子嵌入硅芯片构建的15000量子比特阵列，为研究复杂量子材料提供了前所未有的实验平台，有望帮助科学家精准建模尚未完全理解的新材料与新分子。,2026-02-06 06:53:01,https://finance.eastmoney.com/a/202602063643254241.html
周五（2月6日）重点关注财经事件和经济数据,【周五（2月6日）重点关注财经事件和经济数据】① 08:00 美国总统特朗普发表讲话；② 15:00 德国12月季调后工业产出月率。,2026-02-06 06:52:20,https://finance.eastmoney.com/a/202602063643253860.html
韩文秀：推进农产品进口多元化 支持扩大优势特色农产品出口,【韩文秀：推进农产品进口多元化 支持扩大优势特色农产品出口】中央财办分管日常工作的副主任、中央农办主任韩文秀在学习时报发文指出，促进农产品贸易和生产相协调。随着对外开放扩大、农业生产变化和居民消费升级，影响农产品市场运行的因素更加复杂，调控难度日益增大。要健全从生产到加工、流通、储备、进出口、消费全链条调控机制，强化价格、补贴、保险等政策支持和协同，健全种粮农民收益保障机制。加强农产品市场监测预警和信息发布，统筹做好市场化收购和政策性收储，促进粮食等重要农产品价格保持在合理水平。统筹好国内国际两个市场，推进农产品进口多元化，支持扩大优势特色农产品出口，培育具有国际竞争力的农业企业。同时，依法严厉打击农产品走私，保障国内生产者权益。,2026-02-06 06:50:36,https://finance.eastmoney.com/a/202602063643253431.html
债权转让附带清收激励 银行不良资产转让出现新模式,【债权转让附带清收激励 银行不良资产转让出现新模式】日前，哈尔滨银行发布公告，对去年12月披露的一份债权转让协议进行说明。在这次债权转让过程中，部分约定转让价款设置了收款条件，需依赖哈尔滨银行对标的债权的后续清收结果进行兑现。业内人士认为，中小银行批量处置不良资产，或出于改善资产结构和提升资产质量的考虑。而附条件债权转让模式，未来或许会被不良资产处置行业更多采用。,2026-02-06 06:46:34,https://finance.eastmoney.com/a/202602063643240529.html
港股消费和红利板块韧性凸显 公募看好结构性投资机会,【港股消费和红利板块韧性凸显 公募看好结构性投资机会】2月5日，A股和港股行情有所分化。港股主要指数午后拉升，收盘逆势飘红。港股消费板块表现较为亮眼，多只相关ETF涨幅居市场前列。,2026-02-06 06:45:28,https://finance.eastmoney.com/a/202602063643223517.html
对冲节前资金需求 央行重启14天期逆回购操作,【对冲节前资金需求 央行重启14天期逆回购操作】春节前后流动性安排落地。2月5日，中国人民银行通过7天期与14天期逆回购组合操作，实现公开市场净投放645亿元。业内人士认为，央行此举既是对春节前资金需求的精准对冲，也体现了在稳增长背景下对流动性节奏的精细化管理。,2026-02-06 06:41:11,https://finance.eastmoney.com/a/202602063643212285.html
周五你需要知道的隔夜全球要闻：美股三大指数集体收跌 贵金属、加密货币重挫,【周五你需要知道的隔夜全球要闻：美股三大指数集体收跌 贵金属、加密货币重挫】1、美国芝商所（CME）将其COMEX 100黄金期货的初始保证金从8％上调至9％，将COMEX 5000白银期货的初始保证金比例从15%上调至18%。2、美国总统特朗普当地时间2月5日发文称，不应延长与俄罗斯的《新削减战略武器条约》，而是应该让美国的核问题专家制定一项“新的、改进的、现代化的条约”。,2026-02-06 06:30:35,https://finance.eastmoney.com/a/202602063643248188.html
亚马逊称 计划中的2000亿美元资本支出将主要用于AWS,亚马逊称，计划中的2000亿美元资本支出将主要用于AWS。,2026-02-06 06:18:59,https://finance.eastmoney.com/a/202602063643247612.html
小米SU7营口起火引热议 新能源汽车“外物致燃”安全治理待破局,【小米SU7营口起火引热议 新能源汽车“外物致燃”安全治理待破局】事实上，这起无人员伤亡的事故，不仅再次将新能源汽车安全话题推向舆论焦点，更暴露了行业普遍面临的“外物致燃”认知偏差与安全管理短板——当打火机、香水等常见物品成为车内“隐形炸弹”，新能源车企的安全防护边界、公众的科学认知以及行业的规范体系，正迎来新的考验。,2026-02-06 06:18:39,https://finance.eastmoney.com/a/202602063643240882.html
近六成公司业绩改善 深市2025年业绩预告传递多重积极信号,【近六成公司业绩改善 深市2025年业绩预告传递多重积极信号】上证报中国证券网讯A股2025年年度业绩预告披露已告一段落。截至2026年1月31日，深市2886家公司中，1714家预披露2025年经营业绩，占深市公司家数的59.39%，市值占比48.48%。其中，近六成公司业绩改善，龙头公司表现亮眼，多行业稳步增长，传递出多重积极信号。,2026-02-06 06:16:26,https://finance.eastmoney.com/a/202602053643017760.html
沪市公司春节前分红火热 近3500亿元“现金红包”集中派送,【沪市公司春节前分红火热 近3500亿元“现金红包”集中派送】上证报中国证券网讯（记者何昕怡）近期，沪市公司集中派发“现金红包”，掀起春节前分红热潮。据记者了解，这也是沪市公司积极响应“春节前分红”号召，以实际行动践行现金分红的稳定性、常态化。,2026-02-06 06:15:21,https://finance.eastmoney.com/a/202602053643054869.html
美联储3月维持利率不变的概率为77.3%,【美联储3月维持利率不变的概率为77.3%】据CME“美联储观察”：美联储到3月降息25个基点的概率为22.7%，维持利率不变的概率为77.3%。美联储到4月累计降息25个基点的概率为36.2%，维持利率不变的概率为58.1%，累计降息50个基点的概率为5.6%。到6月累计降息25个基点的概率为50.2%。,2026-02-06 06:07:13,https://finance.eastmoney.com/a/202602063643233965.html
COMEX黄金期货收跌3.08%,COMEX黄金期货收跌3.08%，报4798.1美元/盎司；COMEX白银期货收跌16.64%，报70.35美元/盎司。,2026-02-06 06:04:14,https://finance.eastmoney.com/a/202602063643232382.html
美驻波大使称将中断与波兰众议长接触,【美驻波大使称将中断与波兰众议长接触】当地时间2月5日，美国驻波兰大使汤姆·罗斯在社交媒体上宣布，在波兰众议长沃齐米日·恰扎斯蒂发表了批评美国总统特朗普的言论后，美方已暂停与其一切接触。,2026-02-06 06:00:35,https://finance.eastmoney.com/a/202602063643231815.html
贵金属尾盘加速下跌,贵金属尾盘加速下跌，现货白银跌幅扩大至20%，失守71美元/盎司。现货黄金现跌4%，报4766.8美元/盎司。,2026-02-06 05:48:45,https://finance.eastmoney.com/a/202602063643229976.html
Strategy2025财年Q4净亏损为124亿美元,Strategy2025财年Q4净亏损为124亿美元，去年同期为6.708亿美元；持有713502枚比特币，总价值542.6亿美元。,2026-02-06 05:35:08,https://finance.eastmoney.com/a/202602063643228137.html
美国波士顿市长签署行政令限制联邦移民执法活动,【美国波士顿市长签署行政令限制联邦移民执法活动】总台记者当地时间2月5日获悉，美国波士顿市市长签署一项行政命令，宣布对联邦移民执法活动实施新的限制措施，禁止相关行动使用市政府建筑，并要求对所有犯罪行为展开调查，包括涉嫌由联邦执法人员实施的行为。,2026-02-06 05:28:01,https://finance.eastmoney.com/a/202602063643227532.html
伊朗外长率核问题谈判代表团抵达阿曼首都,【伊朗外长率核问题谈判代表团抵达阿曼首都】总台记者获悉，阿曼当地时间6日凌晨，伊朗外交部长阿拉格齐率领的代表团抵达阿曼首都马斯喀特，将出席当天与美国代表团举行的核问题谈判。,2026-02-06 05:26:33,https://finance.eastmoney.com/a/202602063643227132.html
Roblox四季度营收14.2亿美元,Roblox四季度营收14.2亿美元，分析师预期14.4亿美元；四季度日活用户数（DAU）为1.44亿，分析师预期1.4039亿。公司预计2026年预定金额82.8亿-85.5亿美元，分析师预期80.5亿美元。,2026-02-06 05:22:56,https://finance.eastmoney.com/a/202602063643226917.html
美国芝商所（CME）将其COMEX 100黄金期货的初始保证金从8％上调至9％,美国芝商所（CME）将其COMEX 100黄金期货的初始保证金从8％上调至9％，将其COMEX 5000白银期货的初始保证金比例从15%上调至18%。,2026-02-06 05:20:40,https://finance.eastmoney.com/a/202602063643226767.html
富时A50期指连续夜盘收跌0.68%,富时A50期指连续夜盘收跌0.68%，报14847点。,2026-02-06 05:18:50,https://finance.eastmoney.com/a/202602063643226671.html
黑石集团支持的Liftoff Mobile据悉将推迟首次公开募股（IPO）,黑石集团支持的Liftoff Mobile据悉将推迟首次公开募股（IPO）。,2026-02-06 05:17:59,https://finance.eastmoney.com/a/202602063643226519.html
Reddit授权实施一项最高达10亿美元的股票回购计划,Reddit授权实施一项最高达10亿美元的股票回购计划。,2026-02-06 05:16:59,https://finance.eastmoney.com/a/202602063643226488.html
美高梅国际酒店第四季度净营收46.1亿美元,美高梅国际酒店第四季度净营收46.1亿美元，预估44.4亿美元，调整后每股收益1.60美元，预估0.60美元。,2026-02-06 05:16:13,https://finance.eastmoney.com/a/202602063643226233.html
中国地震台网正式测定：02月06日05时00分在西藏阿里地区改则县（北纬33.21度，东经83.32度）发生3.5级地震,中国地震台网正式测定：02月06日05时00分在西藏阿里地区改则县（北纬33.21度，东经83.32度）发生3.5级地震，震源深度10千米。,2026-02-06 05:14:24,https://finance.eastmoney.com/a/202602063643226023.html
亚马逊第四季度每股收益1.95美元,亚马逊第四季度销售净额2133.9亿美元，预估2114.9亿美元，每股收益1.95美元，预估1.96美元。公司预计2026年将投资约2000亿美元用于资本支出。,2026-02-06 05:02:49,https://finance.eastmoney.com/a/202602063643224440.html
纳斯达克中国金龙指数收涨0.9%,纳斯达克中国金龙指数收涨0.9%。,2026-02-06 05:02:13,https://finance.eastmoney.com/a/202602063643224146.html
美股三大指数集体收跌 热门科技股普跌,【美股三大指数集体收跌 热门科技股普跌】美股三大指数集体收跌，道指跌1.2%，纳指跌1.59%，标普500指数跌1.23%，热门科技股普跌，超微电脑、高通跌超8%，微软跌近5%，亚马逊跌超4%，特斯拉跌超2%，英伟达跌超1%。板块上看，半导体设备与材料、医疗保健股走高，康特科技涨超6%，应用材料涨超2%。贵金属、加密货币概念、减肥药概念跌幅居前，Coinbase跌超13%，Robinhood跌超9%，泛美白银、诺和诺德、Circle跌超8%，美国黄金公司、礼来跌超7%。,2026-02-06 05:01:25,https://finance.eastmoney.com/a/202602063643223752.html
现货铂金再度跌破2000美元/盎司关口,现货铂金再度跌破2000美元/盎司关口，日内跌超10%，现报1993.3美元/盎司。,2026-02-06 04:54:13,https://finance.eastmoney.com/a/202602063643223027.html
美元指数5日上涨,【美元指数5日上涨】衡量美元对六种主要货币的美元指数当天上涨0.21%，在汇市尾市收于97.824。截至纽约汇市尾市，1欧元兑换1.1794美元，低于前一交易日的1.1809美元；1英镑兑换1.3549美元，低于前一交易日的1.3663美元。1美元兑换156.90日元，高于前一交易日的156.82日元；1美元兑换0.7774瑞士法郎，高于前一交易日的0.7766瑞士法郎；1美元兑换1.3682加元，高于前一交易日的1.3668加元；1美元兑换9.0363瑞典克朗，高于前一交易日的8.9864瑞典克朗。,2026-02-06 04:42:18,https://finance.eastmoney.com/a/202602063643222831.html
美国一列载有危险化学品的列车脱轨,【美国一列载有危险化学品的列车脱轨】美国东部时间2月5日上午，一列载有危险化学品的货运列车在康涅狄格州曼斯菲尔德镇脱轨，部分车厢滑入附近一条河中。,2026-02-06 04:40:23,https://finance.eastmoney.com/a/202602063643222516.html
加拿大宣布电动汽车新战略 将与中国合作,【加拿大宣布电动汽车新战略 将与中国合作】加拿大总理马克·卡尼5日宣布一项电动汽车新战略，包括重启购车补贴，并表示将与中国合作推动加拿大本土生产和出口电动汽车。,2026-02-06 04:31:04,https://finance.eastmoney.com/a/202602063643221188.html
美伊核问题谈判在即 白宫：外交手段仍是首选,【美伊核问题谈判在即 白宫：外交手段仍是首选】当地时间2月5日，美国白宫新闻秘书莱维特在简报会上回应有关原定于土耳其举行、后改至阿曼的美伊核问题会谈安排时表示，美国总统特朗普始终将外交作为处理国际事务的“首要选项”。,2026-02-06 04:11:10,https://finance.eastmoney.com/a/202602063643220427.html
比特币重挫跌破65000美元 去杠杆加速,【比特币重挫跌破65000美元 去杠杆加速】比特币重挫跌破6.5万美元，杠杆押注解除及整体市场动荡加剧抛售。与去年十月初的历史高位126000美元上方相比已跌去近半。比特币本轮抛售已持续四个月，重创加密货币。,2026-02-06 04:08:50,https://finance.eastmoney.com/a/202602063643220264.html
俄国防部：俄“联盟-2.1b”号火箭搭载军用卫星从普列谢茨克发射场发射升空,【俄国防部：俄“联盟-2.1b”号火箭搭载军用卫星从普列谢茨克发射场发射升空】俄罗斯国防部发布消息表示，俄罗斯空天军从普列谢茨克发射场发射了携带军用无人机的“联盟-2.1b”号火箭。消息显示：“莫斯科时间2月5日21时59分，俄空天军部队战勤班从位于阿尔汉格尔斯克州的普列谢茨克国家试验航天发射场成功发射了一枚‘联盟-2.1b’号运载火箭，火箭搭载了俄国防部的卫星。”此次发射是俄罗斯在2026年进行的第一次发射任务。,2026-02-06 04:02:50,https://finance.eastmoney.com/a/202602063643220032.html
达能在奥地利和德国召回120批婴儿配方奶粉,达能在奥地利和德国召回120批婴儿配方奶粉。,2026-02-06 03:54:48,https://finance.eastmoney.com/a/202602063643219837.html
阿根廷政府宣布与美国签署贸易和投资协议,【阿根廷政府宣布与美国签署贸易和投资协议】当地时间5日，正在美国访问的阿根廷外长基尔诺通过社交媒体宣布，刚刚与美方签署了阿根廷与美国相互贸易与投资协议。,2026-02-06 03:50:07,https://finance.eastmoney.com/a/202602063643217373.html
WTI原油期货价格收跌2.84%,WTI原油期货价格收跌2.84%，报63.29美元/桶。,2026-02-06 03:34:31,https://finance.eastmoney.com/a/202602063643217242.html
OpenAI与Ginkgo合作使蛋白质生产成本降低40%,【OpenAI与Ginkgo合作使蛋白质生产成本降低40%】OpenAI在X平台发布的一篇帖子中表示，其与Ginkgo Bioworks合作，将GPT-5与自动化实验室相连，构建了一个闭环系统，使蛋白质生产成本降低了40%。,2026-02-06 03:21:34,https://finance.eastmoney.com/a/202602063643217151.html
